transaction_datetime,customer_id,age,gender,location,product_id,product_name,category,quantity,unit_price,discount,total_amount,payment_method,day_of_year,cost_price,profit,transaction_month,transaction_year
2023-10-07 18:24:01.192202,3,35,Male,1,201,4,Fruit,8,0.5,5,3.8,Cash,280,0.2,2.4,10,2023
2023-12-24 11:34:01.192202,4,40,Female,4,202,3,Beverage,3,3.5,0,10.5,Cash,358,1.5,6.0,12,2023
2023-03-10 17:01:01.192202,4,40,Female,4,206,2,Confectionery,2,4.0,0,8.0,Mobile Payment,69,2.0,4.0,3,2023
2023-07-19 15:14:01.192202,1,22,Male,3,202,3,Beverage,2,3.5,5,6.65,Cash,200,1.5,4.0,7,2023
2023-05-26 11:37:01.192202,2,29,Female,0,204,0,Bakery,1,5.0,0,5.0,Mobile Payment,146,2.0,3.0,5,2023
2023-06-15 10:36:01.192202,2,29,Female,0,203,1,Snack,4,2.0,10,7.2,Mobile Payment,166,0.8,4.8,6,2023
2023-09-02 12:53:01.192202,2,29,Female,0,204,0,Bakery,4,5.0,5,19.0,Cash,245,2.0,12.0,9,2023
2023-04-02 15:51:01.192202,3,35,Male,1,206,2,Confectionery,5,4.0,5,19.0,Mobile Payment,92,2.0,10.0,4,2023
2023-10-02 10:01:01.192202,5,50,Male,2,202,3,Beverage,5,3.5,0,17.5,Mobile Payment,275,1.5,10.0,10,2023
2023-08-29 16:20:01.192202,5,50,Male,2,205,5,Fruit,14,0.75,5,9.97,Mobile Payment,241,0.3,6.3,8,2023
2023-01-11 10:16:01.192202,5,50,Male,2,206,2,Confectionery,1,4.0,10,3.6,Credit Card,11,2.0,2.0,1,2023
2023-03-25 18:15:01.192202,5,50,Male,2,205,5,Fruit,4,0.75,5,2.85,Cash,84,0.3,1.8,3,2023
2023-03-22 19:03:01.192202,3,35,Male,1,206,2,Confectionery,5,4.0,10,18.0,Mobile Payment,81,2.0,10.0,3,2023
2023-03-12 16:05:01.192202,1,22,Male,3,204,0,Bakery,3,5.0,0,15.0,Cash,71,2.0,9.0,3,2023
2023-05-29 12:37:01.192202,1,22,Male,3,202,3,Beverage,1,3.5,5,3.32,Credit Card,149,1.5,2.0,5,2023
2023-11-15 12:12:01.192202,1,22,Male,3,201,4,Fruit,15,0.5,5,7.12,Credit Card,319,0.2,4.5,11,2023
2023-02-02 16:35:01.192202,3,35,Male,1,201,4,Fruit,17,0.5,0,8.5,Mobile Payment,33,0.2,5.1,2,2023
2023-10-02 19:19:01.192202,5,50,Male,2,204,0,Bakery,2,5.0,0,10.0,Credit Card,275,2.0,6.0,10,2023
2023-04-26 16:33:01.192202,5,50,Male,2,205,5,Fruit,16,0.75,10,10.8,Mobile Payment,116,0.3,7.2,4,2023
2023-04-18 10:59:01.192202,4,40,Female,4,204,0,Bakery,5,5.0,0,25.0,Credit Card,108,2.0,15.0,4,2023
2023-09-16 20:48:01.192202,3,35,Male,1,202,3,Beverage,5,3.5,10,15.75,Mobile Payment,259,1.5,10.0,9,2023
2023-10-09 16:28:01.192202,5,50,Male,2,202,3,Beverage,3,3.5,10,9.45,Credit Card,282,1.5,6.0,10,2023
2023-03-06 11:59:01.192202,1,22,Male,3,201,4,Fruit,1,0.5,5,0.47,Cash,65,0.2,0.3,3,2023
2023-02-12 10:22:01.193218,2,29,Female,0,204,0,Bakery,1,5.0,5,4.75,Mobile Payment,43,2.0,3.0,2,2023
2023-09-19 16:50:01.193218,2,29,Female,0,204,0,Bakery,3,5.0,5,14.25,Credit Card,262,2.0,9.0,9,2023
2023-03-26 09:20:01.193218,3,35,Male,1,205,5,Fruit,18,0.75,10,12.15,Cash,85,0.3,8.1,3,2023
2023-06-30 19:43:01.193218,1,22,Male,3,205,5,Fruit,8,0.75,5,5.7,Cash,181,0.3,3.6,6,2023
2023-06-23 13:03:01.193218,3,35,Male,1,204,0,Bakery,2,5.0,10,9.0,Cash,174,2.0,6.0,6,2023
2023-08-14 12:38:01.193218,1,22,Male,3,202,3,Beverage,4,3.5,0,14.0,Cash,226,1.5,8.0,8,2023
2023-06-15 13:12:01.193218,3,35,Male,1,202,3,Beverage,2,3.5,0,7.0,Cash,166,1.5,4.0,6,2023
2023-01-25 16:30:01.193218,3,35,Male,1,201,4,Fruit,5,0.5,0,2.5,Mobile Payment,25,0.2,1.5,1,2023
2023-12-29 19:06:01.193218,2,29,Female,0,202,3,Beverage,5,3.5,0,17.5,Credit Card,363,1.5,10.0,12,2023
2023-01-01 16:36:01.193218,5,50,Male,2,205,5,Fruit,14,0.75,0,10.5,Credit Card,1,0.3,6.3,1,2023
2023-11-03 16:52:01.193218,2,29,Female,0,203,1,Snack,2,2.0,5,3.8,Mobile Payment,307,0.8,2.4,11,2023
2023-08-15 12:15:01.193218,2,29,Female,0,201,4,Fruit,8,0.5,5,3.8,Cash,227,0.2,2.4,8,2023
2023-11-27 13:27:01.193218,4,40,Female,4,205,5,Fruit,11,0.75,0,8.25,Cash,331,0.3,4.95,11,2023
2023-08-08 14:29:01.193218,4,40,Female,4,205,5,Fruit,3,0.75,10,2.02,Cash,220,0.3,1.35,8,2023
2023-10-14 13:31:01.193218,1,22,Male,3,206,2,Confectionery,4,4.0,10,14.4,Credit Card,287,2.0,8.0,10,2023
2023-10-28 14:15:01.193218,2,29,Female,0,201,4,Fruit,3,0.5,0,1.5,Cash,301,0.2,0.8999999999999999,10,2023
2023-06-09 16:11:01.193218,5,50,Male,2,201,4,Fruit,10,0.5,5,4.75,Mobile Payment,160,0.2,3.0,6,2023
2023-06-22 16:01:01.193218,5,50,Male,2,204,0,Bakery,3,5.0,0,15.0,Mobile Payment,173,2.0,9.0,6,2023
2023-03-10 09:50:01.193218,5,50,Male,2,205,5,Fruit,3,0.75,0,2.25,Mobile Payment,69,0.3,1.35,3,2023
2023-07-19 15:24:01.193218,2,29,Female,0,202,3,Beverage,1,3.5,0,3.5,Cash,200,1.5,2.0,7,2023
2023-01-19 12:06:01.193218,4,40,Female,4,206,2,Confectionery,3,4.0,5,11.4,Mobile Payment,19,2.0,6.0,1,2023
2023-10-16 09:27:01.193218,3,35,Male,1,202,3,Beverage,2,3.5,5,6.65,Cash,289,1.5,4.0,10,2023
2023-04-24 12:22:01.193218,3,35,Male,1,201,4,Fruit,16,0.5,0,8.0,Credit Card,114,0.2,4.8,4,2023
2023-01-30 19:49:01.193218,2,29,Female,0,202,3,Beverage,5,3.5,5,16.62,Mobile Payment,30,1.5,10.0,1,2023
2023-08-19 13:50:01.193218,4,40,Female,4,206,2,Confectionery,2,4.0,5,7.6,Mobile Payment,231,2.0,4.0,8,2023
2023-12-17 09:34:01.193218,3,35,Male,1,201,4,Fruit,11,0.5,10,4.95,Mobile Payment,351,0.2,3.3,12,2023
2023-05-02 13:27:01.193218,4,40,Female,4,205,5,Fruit,13,0.75,10,8.78,Credit Card,122,0.3,5.8500000000000005,5,2023
2023-06-06 20:42:01.193218,2,29,Female,0,204,0,Bakery,5,5.0,0,25.0,Mobile Payment,157,2.0,15.0,6,2023
2023-04-22 10:16:01.193218,4,40,Female,4,201,4,Fruit,11,0.5,10,4.95,Cash,112,0.2,3.3,4,2023
2023-06-16 10:00:01.193218,2,29,Female,0,201,4,Fruit,7,0.5,0,3.5,Mobile Payment,167,0.2,2.1,6,2023
2023-03-31 20:16:01.193218,2,29,Female,0,206,2,Confectionery,1,4.0,10,3.6,Cash,90,2.0,2.0,3,2023
2023-03-31 16:44:01.193218,5,50,Male,2,205,5,Fruit,16,0.75,10,10.8,Mobile Payment,90,0.3,7.2,3,2023
2023-02-05 12:14:01.193218,4,40,Female,4,202,3,Beverage,2,3.5,10,6.3,Credit Card,36,1.5,4.0,2,2023
2023-07-07 14:26:01.193218,3,35,Male,1,206,2,Confectionery,4,4.0,10,14.4,Credit Card,188,2.0,8.0,7,2023
2023-11-27 17:06:01.193218,3,35,Male,1,204,0,Bakery,3,5.0,0,15.0,Cash,331,2.0,9.0,11,2023
2023-08-21 15:59:01.193218,1,22,Male,3,205,5,Fruit,9,0.75,0,6.75,Credit Card,233,0.3,4.05,8,2023
2023-03-14 19:23:01.193218,4,40,Female,4,204,0,Bakery,4,5.0,10,18.0,Cash,73,2.0,12.0,3,2023
2023-01-27 09:20:01.193218,3,35,Male,1,206,2,Confectionery,5,4.0,5,19.0,Cash,27,2.0,10.0,1,2023
2023-08-19 17:49:01.193218,3,35,Male,1,203,1,Snack,3,2.0,10,5.4,Mobile Payment,231,0.8,3.5999999999999996,8,2023
2023-04-13 09:52:01.193218,1,22,Male,3,205,5,Fruit,16,0.75,10,10.8,Cash,103,0.3,7.2,4,2023
2023-06-17 20:52:01.193218,3,35,Male,1,204,0,Bakery,1,5.0,0,5.0,Credit Card,168,2.0,3.0,6,2023
2023-03-28 11:38:01.193218,3,35,Male,1,205,5,Fruit,19,0.75,10,12.83,Cash,87,0.3,8.55,3,2023
2023-06-11 18:00:01.193218,5,50,Male,2,205,5,Fruit,8,0.75,10,5.4,Cash,162,0.3,3.6,6,2023
2023-05-15 10:46:01.193218,4,40,Female,4,206,2,Confectionery,4,4.0,0,16.0,Cash,135,2.0,8.0,5,2023
2023-06-23 13:02:01.193218,4,40,Female,4,202,3,Beverage,5,3.5,0,17.5,Cash,174,1.5,10.0,6,2023
2023-11-14 10:59:01.193218,5,50,Male,2,203,1,Snack,3,2.0,10,5.4,Mobile Payment,318,0.8,3.5999999999999996,11,2023
2023-04-25 17:11:01.193218,3,35,Male,1,202,3,Beverage,2,3.5,10,6.3,Mobile Payment,115,1.5,4.0,4,2023
2023-12-06 10:30:01.193218,2,29,Female,0,206,2,Confectionery,1,4.0,5,3.8,Mobile Payment,340,2.0,2.0,12,2023
2023-07-07 19:57:01.193218,2,29,Female,0,201,4,Fruit,16,0.5,0,8.0,Cash,188,0.2,4.8,7,2023
2023-09-24 17:37:01.193218,4,40,Female,4,206,2,Confectionery,3,4.0,0,12.0,Credit Card,267,2.0,6.0,9,2023
2023-01-20 12:04:01.193218,1,22,Male,3,204,0,Bakery,3,5.0,0,15.0,Credit Card,20,2.0,9.0,1,2023
2023-07-17 11:39:01.193218,5,50,Male,2,202,3,Beverage,1,3.5,10,3.15,Credit Card,198,1.5,2.0,7,2023
2023-11-18 14:49:01.193218,1,22,Male,3,206,2,Confectionery,5,4.0,0,20.0,Cash,322,2.0,10.0,11,2023
2023-01-04 16:58:01.193218,1,22,Male,3,206,2,Confectionery,5,4.0,5,19.0,Credit Card,4,2.0,10.0,1,2023
2023-03-27 17:58:01.193218,2,29,Female,0,201,4,Fruit,4,0.5,10,1.8,Mobile Payment,86,0.2,1.2,3,2023
2023-06-24 18:59:01.193218,3,35,Male,1,206,2,Confectionery,1,4.0,0,4.0,Mobile Payment,175,2.0,2.0,6,2023
2023-09-01 16:37:01.193218,3,35,Male,1,203,1,Snack,4,2.0,0,8.0,Credit Card,244,0.8,4.8,9,2023
2023-08-13 18:02:01.193218,2,29,Female,0,206,2,Confectionery,2,4.0,0,8.0,Mobile Payment,225,2.0,4.0,8,2023
2023-01-25 18:12:01.193218,5,50,Male,2,203,1,Snack,1,2.0,0,2.0,Credit Card,25,0.8,1.2,1,2023
2023-08-21 12:10:01.193218,5,50,Male,2,201,4,Fruit,12,0.5,0,6.0,Cash,233,0.2,3.5999999999999996,8,2023
2023-07-29 15:39:01.193218,1,22,Male,3,205,5,Fruit,3,0.75,10,2.02,Mobile Payment,210,0.3,1.35,7,2023
2023-04-11 20:53:01.193218,4,40,Female,4,206,2,Confectionery,5,4.0,10,18.0,Credit Card,101,2.0,10.0,4,2023
2023-03-21 11:01:01.193218,1,22,Male,3,201,4,Fruit,2,0.5,5,0.95,Credit Card,80,0.2,0.6,3,2023
2023-09-07 13:15:01.193218,1,22,Male,3,205,5,Fruit,15,0.75,0,11.25,Mobile Payment,250,0.3,6.75,9,2023
2023-10-18 20:20:01.193218,4,40,Female,4,206,2,Confectionery,5,4.0,0,20.0,Cash,291,2.0,10.0,10,2023
2023-04-21 15:06:01.193218,2,29,Female,0,203,1,Snack,5,2.0,0,10.0,Cash,111,0.8,6.0,4,2023
2023-02-09 19:46:01.193218,4,40,Female,4,201,4,Fruit,14,0.5,5,6.65,Mobile Payment,40,0.2,4.2,2,2023
2023-06-27 15:36:01.193218,4,40,Female,4,206,2,Confectionery,2,4.0,5,7.6,Credit Card,178,2.0,4.0,6,2023
2023-11-14 17:45:01.193218,3,35,Male,1,201,4,Fruit,18,0.5,5,8.55,Cash,318,0.2,5.3999999999999995,11,2023
2023-02-18 10:31:01.193218,3,35,Male,1,202,3,Beverage,1,3.5,10,3.15,Cash,49,1.5,2.0,2,2023
2023-08-21 11:18:01.193218,2,29,Female,0,205,5,Fruit,1,0.75,10,0.68,Credit Card,233,0.3,0.45,8,2023
2023-12-31 13:13:01.193218,1,22,Male,3,201,4,Fruit,7,0.5,10,3.15,Mobile Payment,365,0.2,2.1,12,2023
2023-06-09 10:19:01.193218,2,29,Female,0,204,0,Bakery,2,5.0,10,9.0,Mobile Payment,160,2.0,6.0,6,2023
2023-01-09 20:43:01.193218,5,50,Male,2,202,3,Beverage,2,3.5,10,6.3,Cash,9,1.5,4.0,1,2023
2023-02-13 19:22:01.193218,2,29,Female,0,201,4,Fruit,16,0.5,5,7.6,Credit Card,44,0.2,4.8,2,2023
2023-09-01 14:32:01.193218,2,29,Female,0,206,2,Confectionery,1,4.0,0,4.0,Credit Card,244,2.0,2.0,9,2023
2023-07-27 19:01:01.193218,4,40,Female,4,203,1,Snack,1,2.0,10,1.8,Credit Card,208,0.8,1.2,7,2023
2023-06-02 13:52:01.193218,2,29,Female,0,206,2,Confectionery,2,4.0,10,7.2,Mobile Payment,153,2.0,4.0,6,2023
2023-08-23 11:54:01.193218,5,50,Male,2,206,2,Confectionery,5,4.0,5,19.0,Cash,235,2.0,10.0,8,2023
2023-04-30 17:40:01.193218,3,35,Male,1,206,2,Confectionery,2,4.0,10,7.2,Cash,120,2.0,4.0,4,2023
2023-01-28 12:34:01.193218,1,22,Male,3,201,4,Fruit,18,0.5,0,9.0,Cash,28,0.2,5.3999999999999995,1,2023
2023-05-25 16:24:01.193218,5,50,Male,2,201,4,Fruit,7,0.5,10,3.15,Cash,145,0.2,2.1,5,2023
2023-10-13 14:43:01.193218,1,22,Male,3,202,3,Beverage,4,3.5,10,12.6,Cash,286,1.5,8.0,10,2023
2023-01-07 18:26:01.193218,2,29,Female,0,205,5,Fruit,3,0.75,5,2.14,Cash,7,0.3,1.35,1,2023
2023-10-25 17:44:01.193218,1,22,Male,3,205,5,Fruit,2,0.75,5,1.42,Credit Card,298,0.3,0.9,10,2023
2023-06-16 09:49:01.193218,5,50,Male,2,205,5,Fruit,17,0.75,5,12.11,Credit Card,167,0.3,7.65,6,2023
2023-02-13 15:42:01.193218,5,50,Male,2,206,2,Confectionery,4,4.0,0,16.0,Credit Card,44,2.0,8.0,2,2023
2023-10-25 11:40:01.193218,5,50,Male,2,203,1,Snack,3,2.0,5,5.7,Credit Card,298,0.8,3.5999999999999996,10,2023
2023-09-14 16:43:01.193218,1,22,Male,3,202,3,Beverage,1,3.5,10,3.15,Mobile Payment,257,1.5,2.0,9,2023
2023-01-29 13:10:01.193218,5,50,Male,2,202,3,Beverage,3,3.5,5,9.97,Mobile Payment,29,1.5,6.0,1,2023
2023-08-18 15:09:01.193218,1,22,Male,3,201,4,Fruit,8,0.5,5,3.8,Cash,230,0.2,2.4,8,2023
2023-11-13 17:32:01.193218,2,29,Female,0,206,2,Confectionery,2,4.0,5,7.6,Credit Card,317,2.0,4.0,11,2023
2023-08-03 12:29:01.193218,1,22,Male,3,205,5,Fruit,13,0.75,5,9.26,Credit Card,215,0.3,5.8500000000000005,8,2023
2023-07-19 09:00:01.193218,4,40,Female,4,201,4,Fruit,17,0.5,5,8.07,Credit Card,200,0.2,5.1,7,2023
2023-09-20 09:01:01.193218,4,40,Female,4,205,5,Fruit,3,0.75,5,2.14,Credit Card,263,0.3,1.35,9,2023
2023-07-16 12:24:01.193218,3,35,Male,1,205,5,Fruit,14,0.75,10,9.45,Mobile Payment,197,0.3,6.3,7,2023
2023-07-27 12:42:01.193218,3,35,Male,1,205,5,Fruit,16,0.75,0,12.0,Mobile Payment,208,0.3,7.2,7,2023
2023-08-26 12:14:01.193218,3,35,Male,1,204,0,Bakery,2,5.0,0,10.0,Cash,238,2.0,6.0,8,2023
2023-05-03 12:27:01.193218,4,40,Female,4,202,3,Beverage,1,3.5,10,3.15,Mobile Payment,123,1.5,2.0,5,2023
2023-08-25 12:48:01.193218,4,40,Female,4,204,0,Bakery,1,5.0,0,5.0,Credit Card,237,2.0,3.0,8,2023
2023-08-18 20:58:01.193218,2,29,Female,0,204,0,Bakery,2,5.0,0,10.0,Credit Card,230,2.0,6.0,8,2023
2023-06-03 11:10:01.193218,3,35,Male,1,206,2,Confectionery,1,4.0,0,4.0,Cash,154,2.0,2.0,6,2023
2023-08-19 10:33:01.193218,2,29,Female,0,203,1,Snack,5,2.0,0,10.0,Credit Card,231,0.8,6.0,8,2023
2023-08-16 10:48:01.193218,4,40,Female,4,203,1,Snack,1,2.0,10,1.8,Cash,228,0.8,1.2,8,2023
2023-09-29 13:20:01.193218,1,22,Male,3,201,4,Fruit,11,0.5,10,4.95,Mobile Payment,272,0.2,3.3,9,2023
2023-09-19 20:33:01.193218,2,29,Female,0,202,3,Beverage,1,3.5,10,3.15,Credit Card,262,1.5,2.0,9,2023
2023-10-22 09:51:01.193218,4,40,Female,4,206,2,Confectionery,4,4.0,0,16.0,Credit Card,295,2.0,8.0,10,2023
2023-03-27 15:53:01.193218,4,40,Female,4,203,1,Snack,3,2.0,5,5.7,Credit Card,86,0.8,3.5999999999999996,3,2023
2023-04-14 20:56:01.193218,4,40,Female,4,203,1,Snack,3,2.0,10,5.4,Credit Card,104,0.8,3.5999999999999996,4,2023
2023-12-08 18:13:01.193218,4,40,Female,4,202,3,Beverage,4,3.5,5,13.3,Mobile Payment,342,1.5,8.0,12,2023
2023-02-15 16:23:01.193218,5,50,Male,2,202,3,Beverage,3,3.5,0,10.5,Credit Card,46,1.5,6.0,2,2023
2023-10-12 11:13:01.193218,3,35,Male,1,202,3,Beverage,3,3.5,0,10.5,Mobile Payment,285,1.5,6.0,10,2023
2023-07-02 12:58:01.193218,3,35,Male,1,205,5,Fruit,15,0.75,0,11.25,Credit Card,183,0.3,6.75,7,2023
2023-10-20 12:24:01.193218,5,50,Male,2,206,2,Confectionery,5,4.0,5,19.0,Cash,293,2.0,10.0,10,2023
2023-04-18 15:47:01.193218,1,22,Male,3,205,5,Fruit,14,0.75,10,9.45,Cash,108,0.3,6.3,4,2023
2023-03-03 15:38:01.193218,5,50,Male,2,205,5,Fruit,12,0.75,5,8.55,Credit Card,62,0.3,5.4,3,2023
2023-04-30 10:45:01.193218,5,50,Male,2,201,4,Fruit,12,0.5,0,6.0,Credit Card,120,0.2,3.5999999999999996,4,2023
2023-03-29 13:20:01.194233,2,29,Female,0,205,5,Fruit,1,0.75,5,0.71,Credit Card,88,0.3,0.45,3,2023
2023-08-20 11:08:01.194233,2,29,Female,0,206,2,Confectionery,2,4.0,10,7.2,Credit Card,232,2.0,4.0,8,2023
2023-06-18 09:47:01.194233,4,40,Female,4,204,0,Bakery,4,5.0,0,20.0,Mobile Payment,169,2.0,12.0,6,2023
2023-06-07 11:15:01.194233,4,40,Female,4,201,4,Fruit,6,0.5,0,3.0,Cash,158,0.2,1.7999999999999998,6,2023
2023-06-20 09:21:01.194233,2,29,Female,0,201,4,Fruit,6,0.5,0,3.0,Credit Card,171,0.2,1.7999999999999998,6,2023
2023-04-08 20:09:01.194233,2,29,Female,0,206,2,Confectionery,4,4.0,5,15.2,Cash,98,2.0,8.0,4,2023
2023-06-06 18:01:01.194233,5,50,Male,2,204,0,Bakery,5,5.0,10,22.5,Credit Card,157,2.0,15.0,6,2023
2023-04-15 09:03:01.194233,2,29,Female,0,202,3,Beverage,4,3.5,5,13.3,Cash,105,1.5,8.0,4,2023
2023-01-23 11:32:01.194233,4,40,Female,4,204,0,Bakery,4,5.0,5,19.0,Cash,23,2.0,12.0,1,2023
2023-08-08 09:02:01.194233,4,40,Female,4,201,4,Fruit,13,0.5,0,6.5,Credit Card,220,0.2,3.9,8,2023
2023-11-30 20:03:01.194233,2,29,Female,0,203,1,Snack,5,2.0,5,9.5,Mobile Payment,334,0.8,6.0,11,2023
2023-10-24 19:43:01.194233,4,40,Female,4,203,1,Snack,5,2.0,5,9.5,Cash,297,0.8,6.0,10,2023
2023-04-11 11:28:01.194233,2,29,Female,0,202,3,Beverage,5,3.5,10,15.75,Cash,101,1.5,10.0,4,2023
2023-12-09 14:55:01.194233,2,29,Female,0,204,0,Bakery,1,5.0,0,5.0,Mobile Payment,343,2.0,3.0,12,2023
2023-09-21 12:17:01.194233,4,40,Female,4,206,2,Confectionery,5,4.0,10,18.0,Credit Card,264,2.0,10.0,9,2023
2023-09-01 17:33:01.194233,1,22,Male,3,201,4,Fruit,6,0.5,10,2.7,Cash,244,0.2,1.7999999999999998,9,2023
2023-04-24 10:28:01.194233,3,35,Male,1,202,3,Beverage,5,3.5,0,17.5,Credit Card,114,1.5,10.0,4,2023
2023-04-05 13:45:01.194233,3,35,Male,1,201,4,Fruit,10,0.5,0,5.0,Credit Card,95,0.2,3.0,4,2023
2023-04-05 20:50:01.194233,4,40,Female,4,201,4,Fruit,20,0.5,10,9.0,Mobile Payment,95,0.2,6.0,4,2023
2023-03-05 12:56:01.194233,2,29,Female,0,204,0,Bakery,3,5.0,10,13.5,Credit Card,64,2.0,9.0,3,2023
2023-10-16 16:48:01.194233,3,35,Male,1,201,4,Fruit,11,0.5,5,5.22,Cash,289,0.2,3.3,10,2023
2023-05-30 11:21:01.194233,2,29,Female,0,204,0,Bakery,2,5.0,0,10.0,Credit Card,150,2.0,6.0,5,2023
2023-02-14 09:33:01.194233,4,40,Female,4,205,5,Fruit,1,0.75,5,0.71,Cash,45,0.3,0.45,2,2023
2023-06-19 10:46:01.194233,3,35,Male,1,202,3,Beverage,2,3.5,0,7.0,Mobile Payment,170,1.5,4.0,6,2023
2023-03-16 20:40:01.194233,3,35,Male,1,203,1,Snack,1,2.0,10,1.8,Cash,75,0.8,1.2,3,2023
2023-04-05 15:21:01.194233,2,29,Female,0,205,5,Fruit,1,0.75,0,0.75,Cash,95,0.3,0.45,4,2023
2023-09-21 10:51:01.194233,2,29,Female,0,204,0,Bakery,1,5.0,10,4.5,Mobile Payment,264,2.0,3.0,9,2023
2023-07-06 20:54:01.194233,1,22,Male,3,206,2,Confectionery,3,4.0,10,10.8,Credit Card,187,2.0,6.0,7,2023
2023-08-06 18:08:01.194233,3,35,Male,1,205,5,Fruit,16,0.75,0,12.0,Credit Card,218,0.3,7.2,8,2023
2023-04-17 16:04:01.194233,1,22,Male,3,205,5,Fruit,14,0.75,10,9.45,Mobile Payment,107,0.3,6.3,4,2023
2023-09-29 10:06:01.194233,4,40,Female,4,203,1,Snack,3,2.0,0,6.0,Mobile Payment,272,0.8,3.5999999999999996,9,2023
2023-07-14 20:49:01.194233,4,40,Female,4,204,0,Bakery,2,5.0,10,9.0,Cash,195,2.0,6.0,7,2023
2023-11-21 15:35:01.194233,5,50,Male,2,205,5,Fruit,5,0.75,5,3.56,Credit Card,325,0.3,2.25,11,2023
2023-12-16 18:39:01.194233,1,22,Male,3,203,1,Snack,3,2.0,5,5.7,Credit Card,350,0.8,3.5999999999999996,12,2023
2023-11-23 17:40:01.194233,2,29,Female,0,205,5,Fruit,12,0.75,10,8.1,Mobile Payment,327,0.3,5.4,11,2023
2023-02-27 16:13:01.194233,4,40,Female,4,205,5,Fruit,11,0.75,5,7.84,Credit Card,58,0.3,4.95,2,2023
2023-07-07 15:42:01.194233,1,22,Male,3,203,1,Snack,1,2.0,10,1.8,Cash,188,0.8,1.2,7,2023
2023-11-16 11:54:01.194233,4,40,Female,4,201,4,Fruit,19,0.5,10,8.55,Mobile Payment,320,0.2,5.7,11,2023
2023-10-02 16:51:01.194233,4,40,Female,4,206,2,Confectionery,2,4.0,10,7.2,Cash,275,2.0,4.0,10,2023
2023-08-04 19:14:01.194233,5,50,Male,2,205,5,Fruit,12,0.75,0,9.0,Mobile Payment,216,0.3,5.4,8,2023
2023-08-14 19:09:01.194233,5,50,Male,2,206,2,Confectionery,3,4.0,10,10.8,Credit Card,226,2.0,6.0,8,2023
2023-05-12 11:39:01.194233,5,50,Male,2,202,3,Beverage,1,3.5,10,3.15,Cash,132,1.5,2.0,5,2023
2023-10-31 15:37:01.194233,3,35,Male,1,201,4,Fruit,13,0.5,5,6.17,Mobile Payment,304,0.2,3.9,10,2023
2023-12-25 18:29:01.194233,2,29,Female,0,201,4,Fruit,5,0.5,5,2.38,Cash,359,0.2,1.5,12,2023
2023-11-23 16:38:01.194233,2,29,Female,0,206,2,Confectionery,3,4.0,5,11.4,Credit Card,327,2.0,6.0,11,2023
2023-05-10 10:25:01.194233,1,22,Male,3,202,3,Beverage,5,3.5,10,15.75,Mobile Payment,130,1.5,10.0,5,2023
2023-03-08 15:20:01.194233,3,35,Male,1,205,5,Fruit,2,0.75,10,1.35,Mobile Payment,67,0.3,0.9,3,2023
2023-05-09 09:41:01.194233,5,50,Male,2,201,4,Fruit,12,0.5,0,6.0,Mobile Payment,129,0.2,3.5999999999999996,5,2023
2023-04-02 14:54:01.194233,1,22,Male,3,202,3,Beverage,1,3.5,5,3.32,Credit Card,92,1.5,2.0,4,2023
2023-07-31 17:44:01.194233,4,40,Female,4,202,3,Beverage,1,3.5,10,3.15,Credit Card,212,1.5,2.0,7,2023
2023-08-04 17:14:01.194233,2,29,Female,0,206,2,Confectionery,1,4.0,0,4.0,Cash,216,2.0,2.0,8,2023
2023-08-29 11:12:01.194233,4,40,Female,4,206,2,Confectionery,2,4.0,5,7.6,Cash,241,2.0,4.0,8,2023
2023-06-02 11:57:01.194233,5,50,Male,2,202,3,Beverage,2,3.5,10,6.3,Cash,153,1.5,4.0,6,2023
2023-09-05 16:37:01.194233,3,35,Male,1,202,3,Beverage,5,3.5,0,17.5,Cash,248,1.5,10.0,9,2023
2023-05-27 15:36:01.194233,5,50,Male,2,206,2,Confectionery,5,4.0,10,18.0,Mobile Payment,147,2.0,10.0,5,2023
2023-05-10 15:03:01.194233,2,29,Female,0,206,2,Confectionery,1,4.0,0,4.0,Cash,130,2.0,2.0,5,2023
2023-09-29 20:09:01.194233,4,40,Female,4,201,4,Fruit,3,0.5,10,1.35,Credit Card,272,0.2,0.8999999999999999,9,2023
2023-09-25 14:32:01.194233,3,35,Male,1,203,1,Snack,5,2.0,10,9.0,Credit Card,268,0.8,6.0,9,2023
2023-09-10 17:37:01.194233,3,35,Male,1,204,0,Bakery,5,5.0,5,23.75,Mobile Payment,253,2.0,15.0,9,2023
2023-04-26 16:50:01.194233,4,40,Female,4,206,2,Confectionery,5,4.0,5,19.0,Credit Card,116,2.0,10.0,4,2023
2023-05-14 16:57:01.194233,3,35,Male,1,202,3,Beverage,2,3.5,0,7.0,Cash,134,1.5,4.0,5,2023
2023-06-22 12:12:01.194233,1,22,Male,3,203,1,Snack,4,2.0,5,7.6,Cash,173,0.8,4.8,6,2023
2023-07-08 10:19:01.194233,5,50,Male,2,202,3,Beverage,4,3.5,10,12.6,Credit Card,189,1.5,8.0,7,2023
2023-01-18 16:20:01.194233,5,50,Male,2,203,1,Snack,4,2.0,10,7.2,Credit Card,18,0.8,4.8,1,2023
2023-09-03 09:17:01.194233,4,40,Female,4,202,3,Beverage,2,3.5,10,6.3,Mobile Payment,246,1.5,4.0,9,2023
2023-08-30 18:15:01.194233,2,29,Female,0,206,2,Confectionery,2,4.0,0,8.0,Mobile Payment,242,2.0,4.0,8,2023
2023-06-27 16:07:01.195239,4,40,Female,4,201,4,Fruit,11,0.5,10,4.95,Credit Card,178,0.2,3.3,6,2023
2023-08-05 15:15:01.195239,1,22,Male,3,203,1,Snack,4,2.0,10,7.2,Cash,217,0.8,4.8,8,2023
2023-07-06 15:34:01.195239,4,40,Female,4,203,1,Snack,2,2.0,0,4.0,Cash,187,0.8,2.4,7,2023
2023-02-08 12:31:01.195239,5,50,Male,2,202,3,Beverage,2,3.5,5,6.65,Mobile Payment,39,1.5,4.0,2,2023
2023-07-28 13:03:01.195239,4,40,Female,4,206,2,Confectionery,1,4.0,0,4.0,Credit Card,209,2.0,2.0,7,2023
2023-12-05 19:25:01.195239,2,29,Female,0,202,3,Beverage,5,3.5,10,15.75,Cash,339,1.5,10.0,12,2023
2023-01-25 10:42:01.195239,5,50,Male,2,203,1,Snack,5,2.0,0,10.0,Cash,25,0.8,6.0,1,2023
2023-07-14 20:38:01.195239,3,35,Male,1,202,3,Beverage,5,3.5,0,17.5,Mobile Payment,195,1.5,10.0,7,2023
2023-10-21 13:46:01.195239,2,29,Female,0,201,4,Fruit,17,0.5,0,8.5,Mobile Payment,294,0.2,5.1,10,2023
2023-06-27 20:20:01.195239,3,35,Male,1,203,1,Snack,5,2.0,0,10.0,Credit Card,178,0.8,6.0,6,2023
2023-05-04 14:24:01.195239,1,22,Male,3,203,1,Snack,2,2.0,0,4.0,Cash,124,0.8,2.4,5,2023
2023-07-30 15:58:01.195239,2,29,Female,0,204,0,Bakery,1,5.0,10,4.5,Credit Card,211,2.0,3.0,7,2023
2023-03-30 15:17:01.195239,4,40,Female,4,202,3,Beverage,5,3.5,5,16.62,Cash,89,1.5,10.0,3,2023
2023-05-11 17:22:01.195239,4,40,Female,4,204,0,Bakery,5,5.0,10,22.5,Credit Card,131,2.0,15.0,5,2023
2023-01-12 16:05:01.195239,3,35,Male,1,205,5,Fruit,13,0.75,5,9.26,Credit Card,12,0.3,5.8500000000000005,1,2023
2023-01-13 16:46:01.195239,5,50,Male,2,201,4,Fruit,9,0.5,5,4.27,Cash,13,0.2,2.6999999999999997,1,2023
2023-11-12 09:01:01.195239,2,29,Female,0,201,4,Fruit,6,0.5,0,3.0,Cash,316,0.2,1.7999999999999998,11,2023
2023-04-30 13:58:01.195239,1,22,Male,3,204,0,Bakery,3,5.0,0,15.0,Mobile Payment,120,2.0,9.0,4,2023
2023-10-18 12:52:01.195239,2,29,Female,0,202,3,Beverage,2,3.5,10,6.3,Credit Card,291,1.5,4.0,10,2023
2023-02-18 20:42:01.195239,4,40,Female,4,203,1,Snack,4,2.0,0,8.0,Cash,49,0.8,4.8,2,2023
2023-11-12 20:28:01.195239,5,50,Male,2,203,1,Snack,4,2.0,5,7.6,Credit Card,316,0.8,4.8,11,2023
2023-02-10 10:49:01.195239,2,29,Female,0,202,3,Beverage,2,3.5,0,7.0,Mobile Payment,41,1.5,4.0,2,2023
2023-06-24 09:44:01.195239,2,29,Female,0,206,2,Confectionery,1,4.0,0,4.0,Credit Card,175,2.0,2.0,6,2023
2023-08-02 15:44:01.195239,2,29,Female,0,202,3,Beverage,3,3.5,10,9.45,Credit Card,214,1.5,6.0,8,2023
2023-04-19 10:48:01.195239,4,40,Female,4,203,1,Snack,5,2.0,10,9.0,Credit Card,109,0.8,6.0,4,2023
2023-09-22 14:55:01.195239,4,40,Female,4,206,2,Confectionery,5,4.0,0,20.0,Credit Card,265,2.0,10.0,9,2023
2023-09-15 17:44:01.195239,3,35,Male,1,203,1,Snack,5,2.0,0,10.0,Mobile Payment,258,0.8,6.0,9,2023
2023-12-30 12:59:01.195239,1,22,Male,3,203,1,Snack,2,2.0,10,3.6,Mobile Payment,364,0.8,2.4,12,2023
2023-06-09 09:01:01.195239,2,29,Female,0,206,2,Confectionery,4,4.0,5,15.2,Mobile Payment,160,2.0,8.0,6,2023
2023-08-09 14:55:01.195239,4,40,Female,4,206,2,Confectionery,1,4.0,0,4.0,Mobile Payment,221,2.0,2.0,8,2023
2023-11-11 10:55:01.195239,3,35,Male,1,205,5,Fruit,7,0.75,10,4.73,Mobile Payment,315,0.3,3.15,11,2023
2023-08-03 19:28:01.195239,3,35,Male,1,201,4,Fruit,15,0.5,10,6.75,Credit Card,215,0.2,4.5,8,2023
2023-05-13 11:38:01.195239,3,35,Male,1,201,4,Fruit,7,0.5,0,3.5,Cash,133,0.2,2.1,5,2023
2023-11-09 11:54:01.195239,3,35,Male,1,203,1,Snack,2,2.0,10,3.6,Mobile Payment,313,0.8,2.4,11,2023
2023-01-22 15:45:01.195239,5,50,Male,2,203,1,Snack,1,2.0,5,1.9,Mobile Payment,22,0.8,1.2,1,2023
2023-07-14 20:50:01.195239,1,22,Male,3,206,2,Confectionery,1,4.0,5,3.8,Cash,195,2.0,2.0,7,2023
2023-11-26 14:33:01.195239,1,22,Male,3,206,2,Confectionery,1,4.0,0,4.0,Credit Card,330,2.0,2.0,11,2023
2023-04-15 12:58:01.195239,3,35,Male,1,206,2,Confectionery,4,4.0,0,16.0,Mobile Payment,105,2.0,8.0,4,2023
2023-12-25 18:59:01.195239,1,22,Male,3,206,2,Confectionery,2,4.0,10,7.2,Cash,359,2.0,4.0,12,2023
2023-03-01 17:49:01.195239,2,29,Female,0,202,3,Beverage,5,3.5,5,16.62,Credit Card,60,1.5,10.0,3,2023
2023-09-18 13:02:01.195239,3,35,Male,1,206,2,Confectionery,1,4.0,5,3.8,Credit Card,261,2.0,2.0,9,2023
2023-01-27 17:56:01.195239,5,50,Male,2,206,2,Confectionery,5,4.0,0,20.0,Mobile Payment,27,2.0,10.0,1,2023
2023-06-07 18:17:01.195239,2,29,Female,0,204,0,Bakery,3,5.0,10,13.5,Mobile Payment,158,2.0,9.0,6,2023
2023-10-10 16:16:01.195239,3,35,Male,1,203,1,Snack,1,2.0,10,1.8,Credit Card,283,0.8,1.2,10,2023
2023-09-30 11:07:01.195239,4,40,Female,4,206,2,Confectionery,5,4.0,5,19.0,Cash,273,2.0,10.0,9,2023
2023-06-06 10:50:01.195239,3,35,Male,1,206,2,Confectionery,1,4.0,10,3.6,Mobile Payment,157,2.0,2.0,6,2023
2023-12-29 16:44:01.195239,2,29,Female,0,204,0,Bakery,3,5.0,5,14.25,Credit Card,363,2.0,9.0,12,2023
2023-08-23 16:01:01.195239,2,29,Female,0,201,4,Fruit,4,0.5,0,2.0,Credit Card,235,0.2,1.2,8,2023
2023-12-19 16:50:01.195239,3,35,Male,1,203,1,Snack,3,2.0,0,6.0,Mobile Payment,353,0.8,3.5999999999999996,12,2023
2023-01-08 16:58:01.195239,2,29,Female,0,204,0,Bakery,2,5.0,5,9.5,Cash,8,2.0,6.0,1,2023
2023-08-21 15:46:01.195239,1,22,Male,3,205,5,Fruit,18,0.75,5,12.82,Credit Card,233,0.3,8.1,8,2023
2023-02-11 18:38:01.195239,2,29,Female,0,204,0,Bakery,5,5.0,0,25.0,Mobile Payment,42,2.0,15.0,2,2023
2023-07-11 11:46:01.195239,4,40,Female,4,204,0,Bakery,2,5.0,5,9.5,Mobile Payment,192,2.0,6.0,7,2023
2023-09-17 17:18:01.195239,5,50,Male,2,205,5,Fruit,15,0.75,0,11.25,Mobile Payment,260,0.3,6.75,9,2023
2023-03-04 13:53:01.195239,4,40,Female,4,204,0,Bakery,5,5.0,10,22.5,Mobile Payment,63,2.0,15.0,3,2023
2023-11-08 11:00:01.195239,4,40,Female,4,204,0,Bakery,3,5.0,10,13.5,Credit Card,312,2.0,9.0,11,2023
2023-06-29 16:27:01.195239,2,29,Female,0,201,4,Fruit,12,0.5,0,6.0,Cash,180,0.2,3.5999999999999996,6,2023
2023-07-16 16:25:01.195239,3,35,Male,1,201,4,Fruit,6,0.5,10,2.7,Credit Card,197,0.2,1.7999999999999998,7,2023
2023-05-08 17:20:01.195239,2,29,Female,0,201,4,Fruit,6,0.5,0,3.0,Mobile Payment,128,0.2,1.7999999999999998,5,2023
2023-04-30 19:50:01.195239,1,22,Male,3,206,2,Confectionery,5,4.0,10,18.0,Mobile Payment,120,2.0,10.0,4,2023
2023-02-17 09:58:01.195239,3,35,Male,1,202,3,Beverage,5,3.5,5,16.62,Credit Card,48,1.5,10.0,2,2023
2023-09-22 16:25:01.195239,2,29,Female,0,203,1,Snack,3,2.0,10,5.4,Mobile Payment,265,0.8,3.5999999999999996,9,2023
2023-06-18 16:48:01.195239,4,40,Female,4,206,2,Confectionery,5,4.0,0,20.0,Credit Card,169,2.0,10.0,6,2023
2023-04-29 11:50:01.195239,4,40,Female,4,203,1,Snack,2,2.0,5,3.8,Cash,119,0.8,2.4,4,2023
2023-03-12 12:05:01.195239,3,35,Male,1,201,4,Fruit,10,0.5,5,4.75,Cash,71,0.2,3.0,3,2023
2023-12-11 18:48:01.195239,1,22,Male,3,202,3,Beverage,3,3.5,5,9.97,Mobile Payment,345,1.5,6.0,12,2023
2023-09-03 19:31:01.195239,5,50,Male,2,201,4,Fruit,8,0.5,10,3.6,Credit Card,246,0.2,2.4,9,2023
2023-09-07 17:38:01.195239,5,50,Male,2,204,0,Bakery,1,5.0,5,4.75,Cash,250,2.0,3.0,9,2023
2023-01-24 11:14:01.195239,2,29,Female,0,204,0,Bakery,3,5.0,5,14.25,Credit Card,24,2.0,9.0,1,2023
2023-10-16 18:55:01.195239,3,35,Male,1,204,0,Bakery,3,5.0,5,14.25,Credit Card,289,2.0,9.0,10,2023
2023-08-30 11:38:01.195239,4,40,Female,4,205,5,Fruit,15,0.75,0,11.25,Mobile Payment,242,0.3,6.75,8,2023
2023-05-22 18:15:01.195239,3,35,Male,1,201,4,Fruit,3,0.5,10,1.35,Cash,142,0.2,0.8999999999999999,5,2023
2023-05-12 14:06:01.195239,4,40,Female,4,206,2,Confectionery,4,4.0,10,14.4,Cash,132,2.0,8.0,5,2023
2023-04-14 14:28:01.195239,3,35,Male,1,201,4,Fruit,1,0.5,0,0.5,Credit Card,104,0.2,0.3,4,2023
2023-11-10 15:14:01.195239,5,50,Male,2,202,3,Beverage,4,3.5,10,12.6,Mobile Payment,314,1.5,8.0,11,2023
2023-07-15 09:22:01.195239,2,29,Female,0,204,0,Bakery,4,5.0,10,18.0,Mobile Payment,196,2.0,12.0,7,2023
2023-08-28 17:00:01.195239,2,29,Female,0,206,2,Confectionery,5,4.0,0,20.0,Mobile Payment,240,2.0,10.0,8,2023
2023-03-05 09:13:01.195239,1,22,Male,3,204,0,Bakery,4,5.0,10,18.0,Credit Card,64,2.0,12.0,3,2023
2023-02-07 15:05:01.195239,3,35,Male,1,204,0,Bakery,4,5.0,10,18.0,Mobile Payment,38,2.0,12.0,2,2023
2023-05-06 11:30:01.195239,1,22,Male,3,206,2,Confectionery,3,4.0,0,12.0,Credit Card,126,2.0,6.0,5,2023
2023-03-27 10:59:01.195239,5,50,Male,2,206,2,Confectionery,2,4.0,5,7.6,Credit Card,86,2.0,4.0,3,2023
2023-06-05 14:03:01.195239,2,29,Female,0,205,5,Fruit,18,0.75,10,12.15,Mobile Payment,156,0.3,8.1,6,2023
2023-05-31 19:27:01.195239,4,40,Female,4,205,5,Fruit,13,0.75,10,8.78,Mobile Payment,151,0.3,5.8500000000000005,5,2023
2023-10-23 11:49:01.195239,5,50,Male,2,206,2,Confectionery,4,4.0,10,14.4,Mobile Payment,296,2.0,8.0,10,2023
2023-06-19 20:53:01.195239,3,35,Male,1,206,2,Confectionery,1,4.0,0,4.0,Cash,170,2.0,2.0,6,2023
2023-10-31 14:33:01.195239,1,22,Male,3,202,3,Beverage,2,3.5,0,7.0,Credit Card,304,1.5,4.0,10,2023
2023-01-03 20:18:01.195239,3,35,Male,1,203,1,Snack,3,2.0,5,5.7,Cash,3,0.8,3.5999999999999996,1,2023
2023-08-04 11:44:01.195239,2,29,Female,0,203,1,Snack,2,2.0,5,3.8,Credit Card,216,0.8,2.4,8,2023
2023-05-19 18:14:01.195239,2,29,Female,0,201,4,Fruit,19,0.5,0,9.5,Mobile Payment,139,0.2,5.7,5,2023
2023-12-11 11:22:01.195239,1,22,Male,3,203,1,Snack,3,2.0,10,5.4,Credit Card,345,0.8,3.5999999999999996,12,2023
2023-09-09 10:18:01.195239,4,40,Female,4,206,2,Confectionery,5,4.0,10,18.0,Credit Card,252,2.0,10.0,9,2023
2023-08-23 16:25:01.195239,4,40,Female,4,206,2,Confectionery,1,4.0,5,3.8,Cash,235,2.0,2.0,8,2023
2023-09-07 16:54:01.195239,1,22,Male,3,205,5,Fruit,2,0.75,5,1.42,Cash,250,0.3,0.9,9,2023
2023-06-19 13:28:01.195239,2,29,Female,0,204,0,Bakery,1,5.0,10,4.5,Mobile Payment,170,2.0,3.0,6,2023
2023-12-26 15:20:01.195239,4,40,Female,4,206,2,Confectionery,5,4.0,0,20.0,Cash,360,2.0,10.0,12,2023
2023-01-08 09:58:01.195239,1,22,Male,3,206,2,Confectionery,3,4.0,0,12.0,Credit Card,8,2.0,6.0,1,2023
2023-05-24 20:37:01.195239,2,29,Female,0,202,3,Beverage,3,3.5,0,10.5,Cash,144,1.5,6.0,5,2023
2023-08-27 10:03:01.195239,3,35,Male,1,202,3,Beverage,5,3.5,0,17.5,Credit Card,239,1.5,10.0,8,2023
2023-04-23 15:21:01.195239,1,22,Male,3,202,3,Beverage,3,3.5,0,10.5,Mobile Payment,113,1.5,6.0,4,2023
2023-03-12 13:40:01.195239,5,50,Male,2,205,5,Fruit,15,0.75,0,11.25,Credit Card,71,0.3,6.75,3,2023
2023-04-09 19:18:01.195239,1,22,Male,3,203,1,Snack,5,2.0,5,9.5,Cash,99,0.8,6.0,4,2023
2023-07-09 15:19:01.195239,5,50,Male,2,202,3,Beverage,5,3.5,5,16.62,Cash,190,1.5,10.0,7,2023
2023-09-18 13:01:01.195239,4,40,Female,4,201,4,Fruit,12,0.5,0,6.0,Cash,261,0.2,3.5999999999999996,9,2023
2023-02-14 10:44:01.195239,1,22,Male,3,206,2,Confectionery,2,4.0,10,7.2,Credit Card,45,2.0,4.0,2,2023
2023-08-17 12:55:01.195239,5,50,Male,2,204,0,Bakery,2,5.0,10,9.0,Cash,229,2.0,6.0,8,2023
2023-04-06 09:48:01.195239,2,29,Female,0,203,1,Snack,1,2.0,10,1.8,Mobile Payment,96,0.8,1.2,4,2023
2023-12-03 18:36:01.195239,5,50,Male,2,204,0,Bakery,2,5.0,5,9.5,Mobile Payment,337,2.0,6.0,12,2023
2023-11-19 09:42:01.195239,4,40,Female,4,205,5,Fruit,16,0.75,10,10.8,Cash,323,0.3,7.2,11,2023
2023-06-04 16:22:01.195239,5,50,Male,2,203,1,Snack,5,2.0,0,10.0,Credit Card,155,0.8,6.0,6,2023
2023-10-12 11:58:01.195239,3,35,Male,1,206,2,Confectionery,1,4.0,0,4.0,Cash,285,2.0,2.0,10,2023
2023-04-24 19:52:01.195239,5,50,Male,2,201,4,Fruit,3,0.5,10,1.35,Cash,114,0.2,0.8999999999999999,4,2023
2023-05-30 17:23:01.195239,1,22,Male,3,205,5,Fruit,9,0.75,0,6.75,Mobile Payment,150,0.3,4.05,5,2023
2023-07-17 19:58:01.195239,5,50,Male,2,201,4,Fruit,16,0.5,0,8.0,Credit Card,198,0.2,4.8,7,2023
2023-01-31 11:07:01.195239,2,29,Female,0,206,2,Confectionery,2,4.0,10,7.2,Mobile Payment,31,2.0,4.0,1,2023
2023-02-09 18:56:01.195239,1,22,Male,3,205,5,Fruit,12,0.75,5,8.55,Mobile Payment,40,0.3,5.4,2,2023
2023-11-09 14:23:01.195239,3,35,Male,1,204,0,Bakery,5,5.0,5,23.75,Mobile Payment,313,2.0,15.0,11,2023
2023-06-09 16:17:01.195239,4,40,Female,4,202,3,Beverage,2,3.5,10,6.3,Mobile Payment,160,1.5,4.0,6,2023
2023-01-11 15:24:01.195239,4,40,Female,4,206,2,Confectionery,3,4.0,0,12.0,Credit Card,11,2.0,6.0,1,2023
2023-05-19 14:01:01.195239,3,35,Male,1,202,3,Beverage,2,3.5,10,6.3,Credit Card,139,1.5,4.0,5,2023
2023-08-16 09:17:01.195239,5,50,Male,2,203,1,Snack,5,2.0,5,9.5,Credit Card,228,0.8,6.0,8,2023
2023-03-05 10:39:01.195239,3,35,Male,1,201,4,Fruit,15,0.5,5,7.12,Mobile Payment,64,0.2,4.5,3,2023
2023-04-09 11:44:01.195239,4,40,Female,4,202,3,Beverage,2,3.5,5,6.65,Mobile Payment,99,1.5,4.0,4,2023
2023-07-15 13:33:01.195239,2,29,Female,0,203,1,Snack,4,2.0,5,7.6,Cash,196,0.8,4.8,7,2023
2023-02-18 19:09:01.195239,4,40,Female,4,206,2,Confectionery,3,4.0,5,11.4,Mobile Payment,49,2.0,6.0,2,2023
2023-06-19 16:06:01.195239,5,50,Male,2,201,4,Fruit,12,0.5,5,5.7,Credit Card,170,0.2,3.5999999999999996,6,2023
2023-02-16 09:21:01.195239,3,35,Male,1,203,1,Snack,4,2.0,10,7.2,Credit Card,47,0.8,4.8,2,2023
2023-09-11 16:10:01.195239,4,40,Female,4,204,0,Bakery,2,5.0,5,9.5,Mobile Payment,254,2.0,6.0,9,2023
2023-05-15 18:31:01.196241,1,22,Male,3,204,0,Bakery,2,5.0,0,10.0,Mobile Payment,135,2.0,6.0,5,2023
2023-07-09 16:01:01.196241,4,40,Female,4,205,5,Fruit,2,0.75,10,1.35,Mobile Payment,190,0.3,0.9,7,2023
2023-07-27 19:06:01.196241,1,22,Male,3,203,1,Snack,1,2.0,5,1.9,Mobile Payment,208,0.8,1.2,7,2023
2023-01-20 20:32:01.196241,5,50,Male,2,205,5,Fruit,20,0.75,0,15.0,Credit Card,20,0.3,9.0,1,2023
2023-03-12 12:18:01.196241,4,40,Female,4,201,4,Fruit,8,0.5,5,3.8,Cash,71,0.2,2.4,3,2023
2023-04-15 19:15:01.196241,1,22,Male,3,204,0,Bakery,4,5.0,10,18.0,Cash,105,2.0,12.0,4,2023
2023-04-20 09:21:01.196241,5,50,Male,2,201,4,Fruit,2,0.5,0,1.0,Credit Card,110,0.2,0.6,4,2023
2023-01-24 19:36:01.196241,1,22,Male,3,202,3,Beverage,3,3.5,5,9.97,Mobile Payment,24,1.5,6.0,1,2023
2023-10-12 13:40:01.196241,3,35,Male,1,205,5,Fruit,3,0.75,5,2.14,Mobile Payment,285,0.3,1.35,10,2023
2023-07-03 18:03:01.196241,5,50,Male,2,203,1,Snack,3,2.0,5,5.7,Cash,184,0.8,3.5999999999999996,7,2023
2023-12-18 13:55:01.196241,2,29,Female,0,201,4,Fruit,15,0.5,0,7.5,Credit Card,352,0.2,4.5,12,2023
2023-05-17 16:10:01.196241,3,35,Male,1,203,1,Snack,5,2.0,10,9.0,Credit Card,137,0.8,6.0,5,2023
2023-10-03 20:08:01.196241,3,35,Male,1,204,0,Bakery,1,5.0,5,4.75,Mobile Payment,276,2.0,3.0,10,2023
2023-10-15 19:44:01.196241,2,29,Female,0,203,1,Snack,3,2.0,10,5.4,Mobile Payment,288,0.8,3.5999999999999996,10,2023
2023-03-29 13:59:01.196241,1,22,Male,3,205,5,Fruit,20,0.75,5,14.25,Credit Card,88,0.3,9.0,3,2023
2023-01-19 12:02:01.196241,3,35,Male,1,202,3,Beverage,3,3.5,5,9.97,Mobile Payment,19,1.5,6.0,1,2023
2023-09-21 11:00:01.196241,1,22,Male,3,202,3,Beverage,4,3.5,0,14.0,Credit Card,264,1.5,8.0,9,2023
2023-06-27 09:20:01.196241,5,50,Male,2,205,5,Fruit,7,0.75,0,5.25,Credit Card,178,0.3,3.15,6,2023
2023-07-25 11:43:01.196241,4,40,Female,4,204,0,Bakery,5,5.0,0,25.0,Cash,206,2.0,15.0,7,2023
2023-05-27 12:41:01.196241,3,35,Male,1,204,0,Bakery,4,5.0,5,19.0,Mobile Payment,147,2.0,12.0,5,2023
2023-01-08 15:27:01.196241,5,50,Male,2,205,5,Fruit,19,0.75,0,14.25,Mobile Payment,8,0.3,8.55,1,2023
2023-11-11 10:31:01.196241,1,22,Male,3,205,5,Fruit,1,0.75,0,0.75,Credit Card,315,0.3,0.45,11,2023
2023-04-09 10:41:01.196241,4,40,Female,4,206,2,Confectionery,2,4.0,0,8.0,Credit Card,99,2.0,4.0,4,2023
2023-09-16 20:29:01.196241,3,35,Male,1,204,0,Bakery,1,5.0,0,5.0,Credit Card,259,2.0,3.0,9,2023
2023-01-12 17:06:01.196241,3,35,Male,1,204,0,Bakery,2,5.0,0,10.0,Credit Card,12,2.0,6.0,1,2023
2023-02-13 20:28:01.196241,4,40,Female,4,204,0,Bakery,2,5.0,10,9.0,Cash,44,2.0,6.0,2,2023
2023-08-07 14:28:01.196241,1,22,Male,3,203,1,Snack,2,2.0,0,4.0,Cash,219,0.8,2.4,8,2023
2023-12-27 17:28:01.196241,5,50,Male,2,204,0,Bakery,5,5.0,10,22.5,Mobile Payment,361,2.0,15.0,12,2023
2023-07-12 10:32:01.196241,4,40,Female,4,203,1,Snack,5,2.0,5,9.5,Cash,193,0.8,6.0,7,2023
2023-05-31 10:11:01.196241,1,22,Male,3,202,3,Beverage,1,3.5,10,3.15,Credit Card,151,1.5,2.0,5,2023
2023-07-24 18:49:01.196241,2,29,Female,0,205,5,Fruit,6,0.75,10,4.05,Credit Card,205,0.3,2.7,7,2023
2023-11-01 18:43:01.196241,1,22,Male,3,204,0,Bakery,5,5.0,10,22.5,Mobile Payment,305,2.0,15.0,11,2023
2023-03-08 10:55:01.196241,1,22,Male,3,205,5,Fruit,12,0.75,10,8.1,Credit Card,67,0.3,5.4,3,2023
2023-01-28 12:25:01.196241,4,40,Female,4,204,0,Bakery,3,5.0,5,14.25,Credit Card,28,2.0,9.0,1,2023
2023-11-18 14:07:01.196241,4,40,Female,4,206,2,Confectionery,2,4.0,5,7.6,Credit Card,322,2.0,4.0,11,2023
2023-07-13 20:28:01.196241,3,35,Male,1,206,2,Confectionery,1,4.0,10,3.6,Mobile Payment,194,2.0,2.0,7,2023
2023-04-10 16:21:01.196241,3,35,Male,1,205,5,Fruit,19,0.75,0,14.25,Mobile Payment,100,0.3,8.55,4,2023
2023-10-29 20:21:01.196241,2,29,Female,0,204,0,Bakery,3,5.0,5,14.25,Mobile Payment,302,2.0,9.0,10,2023
2023-05-07 12:09:01.196241,5,50,Male,2,201,4,Fruit,20,0.5,0,10.0,Credit Card,127,0.2,6.0,5,2023
2023-10-01 20:54:01.196241,4,40,Female,4,205,5,Fruit,16,0.75,0,12.0,Mobile Payment,274,0.3,7.2,10,2023
2023-05-21 10:13:01.196241,2,29,Female,0,202,3,Beverage,1,3.5,5,3.32,Cash,141,1.5,2.0,5,2023
2023-10-30 10:41:01.196241,2,29,Female,0,201,4,Fruit,16,0.5,5,7.6,Cash,303,0.2,4.8,10,2023
2023-11-27 12:18:01.196241,2,29,Female,0,204,0,Bakery,5,5.0,0,25.0,Cash,331,2.0,15.0,11,2023
2023-07-18 11:56:01.196241,1,22,Male,3,205,5,Fruit,16,0.75,10,10.8,Mobile Payment,199,0.3,7.2,7,2023
2023-07-09 11:37:01.196241,3,35,Male,1,203,1,Snack,4,2.0,0,8.0,Credit Card,190,0.8,4.8,7,2023
2023-09-19 16:57:01.196241,4,40,Female,4,202,3,Beverage,5,3.5,0,17.5,Credit Card,262,1.5,10.0,9,2023
2023-07-20 18:19:01.196241,3,35,Male,1,204,0,Bakery,3,5.0,5,14.25,Credit Card,201,2.0,9.0,7,2023
2023-02-24 12:40:01.196241,4,40,Female,4,206,2,Confectionery,1,4.0,10,3.6,Cash,55,2.0,2.0,2,2023
2023-02-20 10:07:01.196241,3,35,Male,1,203,1,Snack,4,2.0,10,7.2,Mobile Payment,51,0.8,4.8,2,2023
2023-12-07 09:03:01.196241,1,22,Male,3,203,1,Snack,3,2.0,0,6.0,Credit Card,341,0.8,3.5999999999999996,12,2023
2023-08-01 15:02:01.196241,4,40,Female,4,202,3,Beverage,3,3.5,0,10.5,Cash,213,1.5,6.0,8,2023
2023-05-09 09:59:01.196241,1,22,Male,3,204,0,Bakery,4,5.0,10,18.0,Mobile Payment,129,2.0,12.0,5,2023
2023-10-13 11:39:01.196241,3,35,Male,1,205,5,Fruit,5,0.75,0,3.75,Mobile Payment,286,0.3,2.25,10,2023
2023-08-26 12:09:01.196241,4,40,Female,4,201,4,Fruit,5,0.5,5,2.38,Credit Card,238,0.2,1.5,8,2023
2023-04-04 11:57:01.196241,3,35,Male,1,204,0,Bakery,5,5.0,10,22.5,Cash,94,2.0,15.0,4,2023
2023-01-18 20:31:01.196241,3,35,Male,1,206,2,Confectionery,4,4.0,10,14.4,Cash,18,2.0,8.0,1,2023
2023-07-16 16:12:01.196241,3,35,Male,1,204,0,Bakery,3,5.0,10,13.5,Credit Card,197,2.0,9.0,7,2023
2023-09-21 15:07:01.196241,4,40,Female,4,204,0,Bakery,3,5.0,0,15.0,Credit Card,264,2.0,9.0,9,2023
2023-01-20 09:18:01.196241,3,35,Male,1,202,3,Beverage,4,3.5,5,13.3,Mobile Payment,20,1.5,8.0,1,2023
2023-09-14 20:03:01.196241,4,40,Female,4,204,0,Bakery,1,5.0,0,5.0,Mobile Payment,257,2.0,3.0,9,2023
2023-09-24 17:33:01.196241,5,50,Male,2,203,1,Snack,3,2.0,0,6.0,Credit Card,267,0.8,3.5999999999999996,9,2023
2023-03-29 20:24:01.196241,3,35,Male,1,206,2,Confectionery,3,4.0,0,12.0,Credit Card,88,2.0,6.0,3,2023
2023-12-25 18:22:01.196241,5,50,Male,2,204,0,Bakery,5,5.0,5,23.75,Mobile Payment,359,2.0,15.0,12,2023
2023-06-09 19:49:01.196241,4,40,Female,4,201,4,Fruit,10,0.5,0,5.0,Mobile Payment,160,0.2,3.0,6,2023
2023-07-13 20:56:01.196241,2,29,Female,0,204,0,Bakery,4,5.0,0,20.0,Cash,194,2.0,12.0,7,2023
2023-08-28 17:26:01.196241,1,22,Male,3,202,3,Beverage,3,3.5,5,9.97,Cash,240,1.5,6.0,8,2023
2023-11-18 14:44:01.196241,1,22,Male,3,204,0,Bakery,1,5.0,10,4.5,Mobile Payment,322,2.0,3.0,11,2023
2023-04-27 15:10:01.196241,3,35,Male,1,205,5,Fruit,6,0.75,5,4.27,Mobile Payment,117,0.3,2.7,4,2023
2023-10-29 14:08:01.196241,3,35,Male,1,205,5,Fruit,13,0.75,5,9.26,Credit Card,302,0.3,5.8500000000000005,10,2023
2023-02-27 17:45:01.196241,4,40,Female,4,202,3,Beverage,4,3.5,10,12.6,Cash,58,1.5,8.0,2,2023
2023-05-21 14:27:01.196241,4,40,Female,4,202,3,Beverage,3,3.5,10,9.45,Mobile Payment,141,1.5,6.0,5,2023
2023-09-29 11:30:01.196241,4,40,Female,4,204,0,Bakery,2,5.0,0,10.0,Mobile Payment,272,2.0,6.0,9,2023
2023-12-27 13:08:01.196241,4,40,Female,4,205,5,Fruit,12,0.75,5,8.55,Cash,361,0.3,5.4,12,2023
2023-07-09 11:05:01.196241,2,29,Female,0,203,1,Snack,2,2.0,5,3.8,Cash,190,0.8,2.4,7,2023
2023-04-12 18:06:01.196241,2,29,Female,0,202,3,Beverage,2,3.5,0,7.0,Mobile Payment,102,1.5,4.0,4,2023
2023-01-04 19:27:01.196241,3,35,Male,1,202,3,Beverage,5,3.5,5,16.62,Cash,4,1.5,10.0,1,2023
2023-10-18 10:43:01.196241,1,22,Male,3,201,4,Fruit,18,0.5,0,9.0,Mobile Payment,291,0.2,5.3999999999999995,10,2023
2023-04-05 20:11:01.196241,4,40,Female,4,206,2,Confectionery,3,4.0,10,10.8,Credit Card,95,2.0,6.0,4,2023
2023-10-02 12:27:01.196241,5,50,Male,2,206,2,Confectionery,5,4.0,10,18.0,Mobile Payment,275,2.0,10.0,10,2023
2023-05-29 18:48:01.196241,1,22,Male,3,204,0,Bakery,4,5.0,5,19.0,Cash,149,2.0,12.0,5,2023
2023-10-01 12:15:01.196241,1,22,Male,3,204,0,Bakery,3,5.0,0,15.0,Mobile Payment,274,2.0,9.0,10,2023
2023-12-23 15:43:01.196241,4,40,Female,4,206,2,Confectionery,4,4.0,0,16.0,Mobile Payment,357,2.0,8.0,12,2023
2023-07-22 13:14:01.196241,3,35,Male,1,203,1,Snack,3,2.0,10,5.4,Cash,203,0.8,3.5999999999999996,7,2023
2023-10-23 12:58:01.196241,1,22,Male,3,204,0,Bakery,5,5.0,0,25.0,Credit Card,296,2.0,15.0,10,2023
2023-01-03 11:49:01.196241,5,50,Male,2,202,3,Beverage,2,3.5,5,6.65,Cash,3,1.5,4.0,1,2023
2023-02-17 14:29:01.196241,5,50,Male,2,201,4,Fruit,5,0.5,5,2.38,Credit Card,48,0.2,1.5,2,2023
2023-10-15 18:09:01.196241,3,35,Male,1,202,3,Beverage,5,3.5,0,17.5,Mobile Payment,288,1.5,10.0,10,2023
2023-03-24 15:28:01.196241,4,40,Female,4,205,5,Fruit,7,0.75,0,5.25,Cash,83,0.3,3.15,3,2023
2023-05-19 12:45:01.196241,5,50,Male,2,205,5,Fruit,18,0.75,0,13.5,Cash,139,0.3,8.1,5,2023
2023-01-19 20:17:01.196241,1,22,Male,3,205,5,Fruit,2,0.75,0,1.5,Cash,19,0.3,0.9,1,2023
2023-03-23 19:24:01.196241,5,50,Male,2,201,4,Fruit,10,0.5,10,4.5,Credit Card,82,0.2,3.0,3,2023
2023-08-19 12:40:01.196241,1,22,Male,3,206,2,Confectionery,5,4.0,5,19.0,Cash,231,2.0,10.0,8,2023
2023-05-27 16:17:01.196241,4,40,Female,4,202,3,Beverage,5,3.5,5,16.62,Credit Card,147,1.5,10.0,5,2023
2023-04-07 11:01:01.196241,3,35,Male,1,206,2,Confectionery,4,4.0,0,16.0,Credit Card,97,2.0,8.0,4,2023
2023-06-16 19:07:01.196241,1,22,Male,3,204,0,Bakery,5,5.0,5,23.75,Credit Card,167,2.0,15.0,6,2023
2023-12-07 09:57:01.196241,3,35,Male,1,201,4,Fruit,8,0.5,10,3.6,Mobile Payment,341,0.2,2.4,12,2023
2023-06-27 17:14:01.196241,4,40,Female,4,203,1,Snack,3,2.0,0,6.0,Credit Card,178,0.8,3.5999999999999996,6,2023
2023-09-23 19:45:01.196241,3,35,Male,1,203,1,Snack,1,2.0,0,2.0,Mobile Payment,266,0.8,1.2,9,2023
2023-08-04 12:36:01.196241,4,40,Female,4,204,0,Bakery,2,5.0,10,9.0,Credit Card,216,2.0,6.0,8,2023
2023-07-12 18:25:01.196241,5,50,Male,2,204,0,Bakery,4,5.0,10,18.0,Mobile Payment,193,2.0,12.0,7,2023
2023-06-03 17:51:01.196241,5,50,Male,2,204,0,Bakery,3,5.0,5,14.25,Cash,154,2.0,9.0,6,2023
2023-02-22 14:32:01.196241,5,50,Male,2,201,4,Fruit,20,0.5,10,9.0,Mobile Payment,53,0.2,6.0,2,2023
2023-08-21 12:37:01.196241,2,29,Female,0,204,0,Bakery,3,5.0,5,14.25,Cash,233,2.0,9.0,8,2023
2023-08-15 16:44:01.196241,4,40,Female,4,205,5,Fruit,13,0.75,5,9.26,Credit Card,227,0.3,5.8500000000000005,8,2023
2023-01-18 17:03:01.196241,4,40,Female,4,205,5,Fruit,14,0.75,5,9.97,Cash,18,0.3,6.3,1,2023
2023-10-16 12:30:01.196241,3,35,Male,1,201,4,Fruit,5,0.5,10,2.25,Credit Card,289,0.2,1.5,10,2023
2023-03-14 10:53:01.196241,5,50,Male,2,202,3,Beverage,1,3.5,10,3.15,Cash,73,1.5,2.0,3,2023
2023-03-18 20:46:01.196241,3,35,Male,1,204,0,Bakery,2,5.0,10,9.0,Cash,77,2.0,6.0,3,2023
2023-01-11 12:19:01.196241,5,50,Male,2,202,3,Beverage,3,3.5,0,10.5,Mobile Payment,11,1.5,6.0,1,2023
2023-05-10 18:53:01.196241,2,29,Female,0,201,4,Fruit,10,0.5,0,5.0,Mobile Payment,130,0.2,3.0,5,2023
2023-04-19 09:39:01.196241,5,50,Male,2,205,5,Fruit,8,0.75,5,5.7,Mobile Payment,109,0.3,3.6,4,2023
2023-12-06 13:08:01.196241,5,50,Male,2,204,0,Bakery,2,5.0,5,9.5,Mobile Payment,340,2.0,6.0,12,2023
2023-12-07 15:05:01.196241,5,50,Male,2,203,1,Snack,3,2.0,0,6.0,Mobile Payment,341,0.8,3.5999999999999996,12,2023
2023-10-04 14:59:01.196241,2,29,Female,0,205,5,Fruit,7,0.75,5,4.99,Credit Card,277,0.3,3.15,10,2023
2023-10-18 11:25:01.196241,5,50,Male,2,203,1,Snack,1,2.0,5,1.9,Mobile Payment,291,0.8,1.2,10,2023
2023-11-19 11:05:01.196241,1,22,Male,3,201,4,Fruit,16,0.5,5,7.6,Credit Card,323,0.2,4.8,11,2023
2023-10-24 19:18:01.196241,1,22,Male,3,203,1,Snack,2,2.0,0,4.0,Credit Card,297,0.8,2.4,10,2023
2023-01-12 18:59:01.196241,3,35,Male,1,203,1,Snack,2,2.0,10,3.6,Mobile Payment,12,0.8,2.4,1,2023
2023-04-21 17:57:01.196241,1,22,Male,3,205,5,Fruit,1,0.75,0,0.75,Cash,111,0.3,0.45,4,2023
2023-10-14 10:13:01.196241,1,22,Male,3,206,2,Confectionery,5,4.0,10,18.0,Cash,287,2.0,10.0,10,2023
2023-09-10 10:30:01.196241,3,35,Male,1,201,4,Fruit,10,0.5,10,4.5,Cash,253,0.2,3.0,9,2023
2023-04-14 13:20:01.196241,3,35,Male,1,204,0,Bakery,2,5.0,5,9.5,Credit Card,104,2.0,6.0,4,2023
2023-08-20 09:27:01.196241,4,40,Female,4,206,2,Confectionery,1,4.0,0,4.0,Credit Card,232,2.0,2.0,8,2023
2023-09-02 20:50:01.196241,4,40,Female,4,202,3,Beverage,5,3.5,10,15.75,Mobile Payment,245,1.5,10.0,9,2023
2023-09-03 10:20:01.196241,4,40,Female,4,205,5,Fruit,20,0.75,0,15.0,Credit Card,246,0.3,9.0,9,2023
2023-04-18 14:36:01.196241,2,29,Female,0,202,3,Beverage,3,3.5,5,9.97,Mobile Payment,108,1.5,6.0,4,2023
2023-05-04 18:43:01.196241,2,29,Female,0,201,4,Fruit,16,0.5,10,7.2,Credit Card,124,0.2,4.8,5,2023
2023-10-10 20:35:01.196241,2,29,Female,0,206,2,Confectionery,2,4.0,10,7.2,Credit Card,283,2.0,4.0,10,2023
2023-06-09 20:58:01.196241,3,35,Male,1,203,1,Snack,4,2.0,0,8.0,Mobile Payment,160,0.8,4.8,6,2023
2023-11-28 11:48:01.196241,1,22,Male,3,205,5,Fruit,8,0.75,0,6.0,Cash,332,0.3,3.6,11,2023
2023-12-15 10:51:01.196241,1,22,Male,3,203,1,Snack,3,2.0,5,5.7,Cash,349,0.8,3.5999999999999996,12,2023
2023-07-30 20:04:01.196241,4,40,Female,4,206,2,Confectionery,1,4.0,5,3.8,Cash,211,2.0,2.0,7,2023
2023-04-30 12:07:01.196241,3,35,Male,1,206,2,Confectionery,1,4.0,5,3.8,Credit Card,120,2.0,2.0,4,2023
2023-04-07 12:35:01.196241,1,22,Male,3,202,3,Beverage,5,3.5,0,17.5,Credit Card,97,1.5,10.0,4,2023
2023-07-07 15:43:01.196241,2,29,Female,0,206,2,Confectionery,3,4.0,0,12.0,Mobile Payment,188,2.0,6.0,7,2023
2023-01-03 12:56:01.196241,5,50,Male,2,205,5,Fruit,2,0.75,10,1.35,Mobile Payment,3,0.3,0.9,1,2023
2023-11-20 10:18:01.196241,1,22,Male,3,203,1,Snack,3,2.0,0,6.0,Mobile Payment,324,0.8,3.5999999999999996,11,2023
2023-06-21 11:42:01.196241,4,40,Female,4,203,1,Snack,1,2.0,5,1.9,Mobile Payment,172,0.8,1.2,6,2023
2023-11-30 09:58:01.196241,2,29,Female,0,206,2,Confectionery,1,4.0,0,4.0,Mobile Payment,334,2.0,2.0,11,2023
2023-02-20 19:32:01.196241,1,22,Male,3,201,4,Fruit,6,0.5,0,3.0,Cash,51,0.2,1.7999999999999998,2,2023
2023-02-28 11:09:01.196241,2,29,Female,0,204,0,Bakery,2,5.0,10,9.0,Mobile Payment,59,2.0,6.0,2,2023
2023-06-03 15:18:01.196241,4,40,Female,4,201,4,Fruit,9,0.5,5,4.27,Mobile Payment,154,0.2,2.6999999999999997,6,2023
2023-11-13 20:02:01.196241,1,22,Male,3,203,1,Snack,5,2.0,0,10.0,Mobile Payment,317,0.8,6.0,11,2023
2023-01-31 17:17:01.196241,5,50,Male,2,206,2,Confectionery,3,4.0,0,12.0,Cash,31,2.0,6.0,1,2023
2023-11-05 12:39:01.196241,1,22,Male,3,205,5,Fruit,1,0.75,0,0.75,Cash,309,0.3,0.45,11,2023
2023-10-14 18:04:01.196241,1,22,Male,3,204,0,Bakery,5,5.0,10,22.5,Credit Card,287,2.0,15.0,10,2023
2023-06-10 14:41:01.196241,1,22,Male,3,205,5,Fruit,17,0.75,10,11.47,Cash,161,0.3,7.65,6,2023
2023-03-16 13:31:01.196241,2,29,Female,0,201,4,Fruit,9,0.5,10,4.05,Credit Card,75,0.2,2.6999999999999997,3,2023
2023-03-19 11:10:01.196241,3,35,Male,1,203,1,Snack,2,2.0,10,3.6,Credit Card,78,0.8,2.4,3,2023
2023-01-23 11:59:01.196241,5,50,Male,2,201,4,Fruit,14,0.5,10,6.3,Cash,23,0.2,4.2,1,2023
2023-07-31 14:26:01.196241,5,50,Male,2,204,0,Bakery,2,5.0,10,9.0,Cash,212,2.0,6.0,7,2023
2023-09-10 09:53:01.196241,2,29,Female,0,203,1,Snack,4,2.0,0,8.0,Credit Card,253,0.8,4.8,9,2023
2023-02-17 12:06:01.197243,3,35,Male,1,202,3,Beverage,4,3.5,10,12.6,Cash,48,1.5,8.0,2,2023
2023-12-26 13:43:01.197243,5,50,Male,2,204,0,Bakery,4,5.0,0,20.0,Credit Card,360,2.0,12.0,12,2023
2023-02-06 12:19:01.197243,2,29,Female,0,206,2,Confectionery,1,4.0,0,4.0,Cash,37,2.0,2.0,2,2023
2023-08-23 12:37:01.197243,2,29,Female,0,203,1,Snack,3,2.0,0,6.0,Mobile Payment,235,0.8,3.5999999999999996,8,2023
2023-09-23 14:23:01.197243,5,50,Male,2,203,1,Snack,5,2.0,0,10.0,Credit Card,266,0.8,6.0,9,2023
2023-09-20 20:01:01.197243,2,29,Female,0,202,3,Beverage,2,3.5,0,7.0,Credit Card,263,1.5,4.0,9,2023
2023-06-03 15:40:01.197243,2,29,Female,0,203,1,Snack,1,2.0,5,1.9,Credit Card,154,0.8,1.2,6,2023
2023-12-06 17:46:01.197243,3,35,Male,1,202,3,Beverage,3,3.5,0,10.5,Mobile Payment,340,1.5,6.0,12,2023
2023-11-25 13:32:01.197243,2,29,Female,0,201,4,Fruit,1,0.5,0,0.5,Cash,329,0.2,0.3,11,2023
2023-04-20 09:49:01.197243,2,29,Female,0,202,3,Beverage,3,3.5,5,9.97,Credit Card,110,1.5,6.0,4,2023
2023-04-05 10:12:01.197243,2,29,Female,0,202,3,Beverage,1,3.5,5,3.32,Cash,95,1.5,2.0,4,2023
2023-09-06 15:40:01.197243,5,50,Male,2,204,0,Bakery,3,5.0,0,15.0,Cash,249,2.0,9.0,9,2023
2023-07-06 17:40:01.197243,3,35,Male,1,203,1,Snack,4,2.0,10,7.2,Cash,187,0.8,4.8,7,2023
2023-01-28 09:12:01.197243,1,22,Male,3,203,1,Snack,2,2.0,5,3.8,Cash,28,0.8,2.4,1,2023
2023-02-04 14:17:01.197243,2,29,Female,0,204,0,Bakery,2,5.0,0,10.0,Mobile Payment,35,2.0,6.0,2,2023
